{"players":[{"name":"Adelheim","color":"ff9f632f","me":0,"image":"player_1749552676153.jpg","bggUsername":null,"bgaUsername":null,"isAnonymous":0,"isAutoma":0,"showOnlyInGroups":1},{"name":"Brama","color":"ff876469","me":0,"image":"player_1749552567242.jpg","bggUsername":null,"bgaUsername":null,"isAnonymous":0,"isAutoma":0,"showOnlyInGroups":1},{"name":"Bruja de la Horda","color":"ffb68e4a","me":0,"image":"player_1749551588721.jpg","bggUsername":null,"bgaUsername":null,"isAnonymous":0,"isAutoma":0,"showOnlyInGroups":1},{"name":"El Descarriado ","color":"ff8c6df5","me":0,"image":"player_1749551211427.jpg","bggUsername":null,"bgaUsername":null,"isAnonymous":0,"isAutoma":0,"showOnlyInGroups":1},{"name":"El Señor de la Plaga","color":"ff90a530","me":0,"image":"player_1749551469059.jpg","bggUsername":null,"bgaUsername":null,"isAnonymous":0,"isAutoma":0,"showOnlyInGroups":1},{"name":"Gravehold ","color":"ff6e699a","me":0,"image":"player_1749551139997.jpg","bggUsername":null,"bgaUsername":null,"isAnonymous":0,"isAutoma":0,"showOnlyInGroups":1},{"name":"Jian","color":"ff98b981","me":0,"image":"player_1749552902109.jpg","bggUsername":null,"bgaUsername":null,"isAnonymous":0,"isAutoma":0,"showOnlyInGroups":1},{"name":"Kadir","color":"ffc6c181","me":0,"image":"player_1749552729208.jpg","bggUsername":null,"bgaUsername":null,"isAnonymous":0,"isAutoma":0,"showOnlyInGroups":1},{"name":"Lash","color":"ffaa4646","me":0,"image":"player_1749552266024.jpg","bggUsername":null,"bgaUsername":null,"isAnonymous":0,"isAutoma":0,"showOnlyInGroups":1},{"name":"Malastar","color":"ffd27a5c","me":0,"image":"player_1749552447767.jpg","bggUsername":null,"bgaUsername":null,"isAnonymous":0,"isAutoma":0,"showOnlyInGroups":1},{"name":"Mist","color":"ffb47b49","me":0,"image":"player_1749552084948.jpg","bggUsername":null,"bgaUsername":null,"isAnonymous":0,"isAutoma":0,"showOnlyInGroups":1},{"name":"Máscara Retorcida ","color":"ff80ae71","me":0,"image":"player_1749551530775.jpg","bggUsername":null,"bgaUsername":null,"isAnonymous":0,"isAutoma":0,"showOnlyInGroups":1},{"name":"Nym","color":"ff8f89b3","me":0,"image":"player_1749552786333.jpg","bggUsername":null,"bgaUsername":null,"isAnonymous":0,"isAutoma":0,"showOnlyInGroups":1},{"name":"Phaedraxa ","color":"ff878f8b","me":0,"image":"player_1749552628917.jpg","bggUsername":null,"bgaUsername":null,"isAnonymous":0,"isAutoma":0,"showOnlyInGroups":1},{"name":"Príncipe de los Glotones ","color":"ffe47d28","me":0,"image":"player_1749551654920.jpg","bggUsername":null,"bgaUsername":null,"isAnonymous":0,"isAutoma":0,"showOnlyInGroups":1},{"name":"Rageborne ","color":"ff8c1515","me":0,"image":"player_1749551393770.jpg","bggUsername":null,"bgaUsername":null,"isAnonymous":0,"isAutoma":0,"showOnlyInGroups":1},{"name":"Reeve","color":"ffba6637","me":0,"image":"player_1749552499957.jpg","bggUsername":null,"bgaUsername":null,"isAnonymous":0,"isAutoma":0,"showOnlyInGroups":1},{"name":"Reina Coraza ","color":"ff9e9e9e","me":0,"image":"player_1749551302280.jpg","bggUsername":null,"bgaUsername":null,"isAnonymous":0,"isAutoma":0,"showOnlyInGroups":1},{"name":"Xaxos","color":"ff776ac5","me":0,"image":"player_1749552943551.jpg","bggUsername":null,"bgaUsername":null,"isAnonymous":0,"isAutoma":0,"showOnlyInGroups":1},{"name":"Z'hana","color":"ffc67b7b","me":0,"image":"player_1749552861740.jpg","bggUsername":null,"bgaUsername":null,"isAnonymous":0,"isAutoma":0,"showOnlyInGroups":1}]}