{"players":[{"name":"El Culto Reptiliano","color":"ff4caf50","me":0,"image":"player_1749621652325.jpg","bggUsername":null,"bgaUsername":null,"isAnonymous":0,"isAutoma":0,"showOnlyInGroups":1},{"name":"El Ducado Subterráneo ","color":"ffff9800","me":0,"image":"player_1749621901672.jpg","bggUsername":null,"bgaUsername":null,"isAnonymous":0,"isAutoma":0,"showOnlyInGroups":1},{"name":"El Marquesado ","color":"ffff9800","me":0,"image":"player_1749621450541.jpg","bggUsername":null,"bgaUsername":null,"isAnonymous":0,"isAutoma":0,"showOnlyInGroups":1},{"name":"El Nido de Águilas ","color":"ff2196f3","me":0,"image":"player_1749621498651.jpg","bggUsername":null,"bgaUsername":null,"isAnonymous":0,"isAutoma":0,"showOnlyInGroups":1},{"name":"El Señor de los Cientos ","color":"fff44336","me":0,"image":"player_1749622028454.jpg","bggUsername":null,"bgaUsername":null,"isAnonymous":0,"isAutoma":0,"showOnlyInGroups":1},{"name":"El Vagabundo ","color":"ff9e9e9e","me":0,"image":"player_1749621557664.jpg","bggUsername":null,"bgaUsername":null,"isAnonymous":0,"isAutoma":0,"showOnlyInGroups":1},{"name":"La Alianza ","color":"ff4caf50","me":0,"image":"player_1749621678780.jpg","bggUsername":null,"bgaUsername":null,"isAnonymous":0,"isAutoma":0,"showOnlyInGroups":1},{"name":"La Compañía del Río ","color":"ff795548","me":0,"image":"player_1749621586250.jpg","bggUsername":null,"bgaUsername":null,"isAnonymous":0,"isAutoma":0,"showOnlyInGroups":1},{"name":"La Conspiración Corvida","color":"ff9c27b0","me":0,"image":"player_1749621943039.jpg","bggUsername":null,"bgaUsername":null,"isAnonymous":0,"isAutoma":0,"showOnlyInGroups":1},{"name":"Los Guardianes del Hierro ","color":"ff9e9e9e","me":0,"image":"player_1749622083614.jpg","bggUsername":null,"bgaUsername":null,"isAnonymous":0,"isAutoma":0,"showOnlyInGroups":1}]}